{
  "clientId": "reporter",
  "name": "",
  "description": "",
  "rootUrl": "http://192.168.43.29:3000/",
  "adminUrl": "",
  "baseUrl": "",
  "surrogateAuthRequired": false,
  "enabled": true,
  "alwaysDisplayInConsole": false,
  "clientAuthenticatorType": "client-secret",
  "redirectUris": [
    "http://192.168.43.29:3000/report",
    "http://localhost:3000/report"
  ],
  "webOrigins": [
    "http://192.168.43.29:3000",
    "http://localhost:3000"
  ],
  "notBefore": 0,
  "bearerOnly": false,
  "consentRequired": false,
  "standardFlowEnabled": true,
  "implicitFlowEnabled": false,
  "directAccessGrantsEnabled": false,
  "serviceAccountsEnabled": false,
  "publicClient": true,
  "frontchannelLogout": true,
  "protocol": "openid-connect",
  "attributes": {
    "post.logout.redirect.uris": "http://192.168.43.29:3000/##http://localhost:3000/",
    "oauth2.device.authorization.grant.enabled": "false",
    "backchannel.logout.revoke.offline.tokens": "false",
    "use.refresh.tokens": "true",
    "tls-client-certificate-bound-access-tokens": "false",
    "oidc.ciba.grant.enabled": "false",
    "backchannel.logout.session.required": "true",
    "client_credentials.use_refresh_token": "false",
    "acr.loa.map": "{}",
    "require.pushed.authorization.requests": "false",
    "display.on.consent.screen": "false",
    "token.response.type.bearer.lower-case": "false",
    "request.uris": "",
    "consent.screen.text": "",
    "frontchannel.logout.url": "",
    "backchannel.logout.url": "",
    "login_theme": ""
  },
  "authenticationFlowBindingOverrides": {},
  "fullScopeAllowed": true,
  "nodeReRegistrationTimeout": -1,
  "defaultClientScopes": [
    "web-origins",
    "acr",
    "profile",
    "roles",
    "email"
  ],
  "optionalClientScopes": [
    "address",
    "phone",
    "offline_access",
    "microprofile-jwt"
  ],
  "access": {
    "view": true,
    "configure": true,
    "manage": true
  },
  "authorizationServicesEnabled": false
}